﻿{
   "CodeGenerationMode": 2,
   "ContextClassName": "FSIS_2018Context",
   "ContextNamespace": null,
   "DefaultDacpacSchema": null,
   "FilterSchemas": false,
   "IncludeConnectionString": false,
   "ModelNamespace": null,
   "OutputContextPath": "DAL",
   "OutputPath": "Entities",
   "PreserveCasingWithRegex": true,
   "ProjectRootNamespace": "FSISSystem",
   "Schemas": null,
   "SelectedHandlebarsLanguage": 0,
   "SelectedToBeGenerated": 0,
   "Tables": [
      {
         "Name": "[dbo].[Games]",
         "ObjectType": 0
      },
      {
         "Name": "[dbo].[Guardians]",
         "ObjectType": 0
      },
      {
         "Name": "[dbo].[Players]",
         "ObjectType": 0
      },
      {
         "Name": "[dbo].[PlayerStats]",
         "ObjectType": 0
      },
      {
         "Name": "[dbo].[Teams]",
         "ObjectType": 0
      }
   ],
   "UiHint": "W309-DWELCH\\MSSQLSERVER01.FSIS_2018",
   "UseBoolPropertiesWithoutDefaultSql": false,
   "UseDatabaseNames": true,
   "UseDbContextSplitting": false,
   "UseFluentApiOnly": false,
   "UseHandleBars": false,
   "UseHierarchyId": false,
   "UseInflector": true,
   "UseLegacyPluralizer": false,
   "UseManyToManyEntity": false,
   "UseNoConstructor": false,
   "UseNoDefaultConstructor": false,
   "UseNoNavigations": false,
   "UseNoObjectFilter": false,
   "UseNodaTime": false,
   "UseNullableReferences": false,
   "UseSchemaFolders": false,
   "UseSpatial": false,
   "UseT4": false
}